Workbook

Sheet Tickers
A1: 17 HK | B1: 新世界发展
A2: 175 HK | B2: 吉利汽车
A3: 9618 HK | B3: 京东
A4: 1024 HK | B4: 快手科技
A5: 3690 HK | B5: 美团
A6: 1810 HK | B6: 小米
A7: 9888 HK | B7: 百度
A8: 1211 HK | B8: 比亚迪
A9: 2318 HK | B9: 中国平安保险
A10: 27 HK | B10: 银河娱乐
A11: 688 HK | B11: 中国海外发展
A12: 700 HK | B12: 腾讯控股
... A94: PLTR UQ | B94: Palantir

Sheet HKD
A1: Quote ID | B1: Product | C1: CCY | D1: Tenor | E1: Strike Date | F1: Issue Date | G1: Final Valuation Date | H1: Maturity Date | I1: Underlying (Reuters) | J1: Underlying (BBG) Indicative | K1: Underlying Name | L1: Strike % | M1: Coupon % p.a. | N1: Coupon Frequency | O1: KO % | P1: KO Type | Q1: First Callable End of Period | R1: KI % | S1: KI Type | T1: Min/Max Notional | U1: Issuer | V1: Interbank Price % | X1: VLOOKUP(J2,Tickers!A:B,2,false)
A2: RFN264D00BW000DKQ56C | B2: FCN | C2: HKD | D2: 6M | E2: 46125 | F2: 46139 | G2: 46322 | H2: 46324 | I2: 0017.HK | J2: 17 HK | K2: =VLOOKUP(J2,Tickers!A:B,2,FALSE) -> 新世界发展 | L2: 85 | M2: 33.44 | N2: Monthly | O2: 100 | P2: Daily Close | Q2: 1 | R2: N/A | T2: HKD 2M / HKD 8M | U2: LEONTEQ | V2: 99
A3: RFN264D00BW000DKQ4YJ | B3: FCN | C3: HKD | D3: 6M | E3: 46125 | F3: 46139 | G3: 46322 | H3: 46324 | I3: 1024.HK | J3: 1024 HK | K3: =VLOOKUP(J3,Tickers!A:B,2,FALSE) -> 快手科技 | L3: 85 | M3: 22.82 | N3: Monthly | O3: 100 | P3: Daily Close | Q3: 1 | R3: N/A | T3: Please check with Dealer / HKD 39.94M | U3: CITIC | V3: 99
A4: RFN264D00BW000DKQ57G | B4: FCN | C4: HKD | D4: 6M | E4: 46125 | F4: 46139 | G4: 46322 | H4: 46324 | I4: 0175.HK | J4: 175 HK | K4: =VLOOKUP(J4,Tickers!A:B,2,FALSE) -> 吉利汽车 | L4: 85 | M4: 20.54 | N4: Monthly | O4: 100 | P4: Daily Close | Q4: 1 | R4: N/A | T4: HKD 2M / HKD 15.7M | U4: JPM | V4: 99
A5: RFN264D00BW000DKQ4ZN | B5: FCN | C5: HKD | D5: 6M | E5: 46125 | F5: 46139 | G5: 46322 | H5: 46324 | I5: 9888.HK | J5: 9888 HK | K5: =VLOOKUP(J5,Tickers!A:B,2,FALSE) -> 百度 | L5: 85 | M5: 17.7 | N5: Monthly | O5: 100 | P5: Daily Close | Q5: 1 | R5: N/A | T5: HKD 2M / HKD 8M | U5: LEONTEQ | V5: 99
A6: RFN264D00BW000DKQ51B | B6: FCN | C6: HKD | D6: 6M | E6: 46125 | F6: 46139 | G6: 46322 | H6: 46324 | I6: 1211.HK | J6: 1211 HK | K6: =VLOOKUP(J6,Tickers!A:B,2,FALSE) -> 比亚迪 | L6: 85 | M6: 16.17 | N6: Monthly | O6: 100 | P6: Daily Close | Q6: 1 | R6: N/A | T6: Please check with Dealer / HKD 79.11M | U6: CITIC | V6: 99
A7: RFN264D00BW000DKQ4UM | B7: FCN | C7: HKD | D7: 6M | E7: 46125 | F7: 46139 | G7: 46322 | H7: 46324 | I7: 9988.HK | J7: 9988 HK | K7: =VLOOKUP(J7,Tickers!A:B,2,FALSE) -> 阿里巴巴 | L7: 85 | M7: 15.94 | N7: Monthly | O7: 100 | P7: Daily Close | Q7: 1 | R7: N/A | T7: Please check with Dealer / HKD 79.11M | U7: CITIC | V7: 99
A8: RFN264D00BW000DKQ4VR | B8: FCN | C8: HKD | D8: 6M | E8: 46125 | F8: 46139 | G8: 46322 | H8: 46324 | I8: 1810.HK | J8: 1810 HK | K8: =VLOOKUP(J8,Tickers!A:B,2,FALSE) -> 小米 | L8: 85 | M8: 15.94 | N8: Monthly | O8: 100 | P8: Daily Close | Q8: 1 | R8: N/A | T8: HKD 2M / HKD 8M | U8: LEONTEQ | V8: 99
A9: RFN264D00BW000DKQ4WA | B9: FCN | C9: HKD | D9: 6M | E9: 46125 | F9: 46139 | G9: 46322 | H9: 46324 | I9: 3690.HK | J9: 3690 HK | K9: =VLOOKUP(J9,Tickers!A:B,2,FALSE) -> 美团 | L9: 85 | M9: 15.51 | N9: Monthly | O9: 100 | P9: Daily Close | Q9: 1 | R9: N/A | T9: Please check with Dealer / HKD 79.11M | U9: CITIC | V9: 99
A10: RFN264D00BW000DKQ4XZ | B10: FCN | C10: HKD | D10: 6M | E10: 46125 | F10: 46139 | G10: 46322 | H10: 46324 | I10: 9618.HK | J10: 9618 HK | K10: =VLOOKUP(J10,Tickers!A:B,2,FALSE) -> 京东 | L10: 85 | M10: 14.75 | N10: Monthly | O10: 100 | P10: Daily Close | Q10: 1 | R10: N/A | T10: Please check with Dealer / HKD 79.11M | U10: CITIC | V10: 99
A11: RFN264D00BW000DKQ5AU | B11: FCN | C11: HKD | D11: 6M | E11: 46125 | F11: 46139 | G11: 46322 | H11: 46324 | I11: 1299.HK | J11: 1299 HK | K11: =VLOOKUP(J11,Tickers!A:B,2,FALSE) -> 友邦保险 | L11: 85 | M11: 12.97 | N11: Monthly | O11: 100 | P11: Daily Close | Q11: 1 | R11: N/A | T11: HKD 2M / HKD 23.49M | U11: LEONTEQ | V11: 99
A12: RFN264D00BW000DKQ56X | B12: FCN | C12: HKD | D12: 6M | E12: 46125 | F12: 46139 | G12: 46322 | H12: 46324 | I12: 0027.HK | J12: 27 HK | K12: =VLOOKUP(J12,Tickers!A:B,2,FALSE) -> 银河娱乐 | L12: 85 | M12: 11.8 | N12: Monthly | O12: 100 | P12: Daily Close | Q12: 1 | R12: N/A | T12: HKD 2M / HKD 15.66M | U12: BNPP | V12: 99
A13: RFN264D00BW000DKQ52F | B13: FCN | C13: HKD | D13: 6M | E13: 46125 | F13: 46139 | G13: 46322 | H13: 46324 | I13: 2318.HK | J13: 2318 HK | K13: =VLOOKUP(J13,Tickers!A:B,2,FALSE) -> 中国平安保险 | L13: 85 | M13: 11.48 | N13: Monthly | O13: 100 | P13: Daily Close | Q13: 1 | R13: N/A | T13: Please check with Dealer / HKD 39.94M | U13: CITIC | V13: 99
... A21: RFN264D00BW000DKQ58L | B21: FCN | C21: HKD | D21: 6M | E21: 46125 | F21: 46139 | G21: 46322 | H21: 46324 | I21: 0386.HK | J21: 386 HK | K21: =VLOOKUP(J21,Tickers!A:B,2,FALSE) -> 中石化 | L21: 85 | M21: 7.05 | N21: Monthly | O21: 100 | P21: Daily Close | Q21: 1 | R21: N/A | T21: Please check with Dealer / HKD 39.94M | U21: CITIC | V21: 99

Sheet USD
A1: Quote ID | B1: Product | C1: CCY | D1: Tenor | E1: Strike Date | F1: Issue Date | G1: Final Valuation Date | H1: Maturity Date | I1: Underlying (Reuters) | J1: Underlying (BBG) Indicative | K1: Underlying Name | L1: Strike % | M1: Coupon % p.a. | N1: Coupon Frequency | O1: KO % | P1: KO Type | Q1: First Callable End of Period | R1: KI % | S1: KI Type | T1: Min/Max Notional | U1: Issuer | V1: Interbank Price % | X1: VLOOKUP(J2,Tickers!A:B,2,false)
A2: RFN264D00BL000DKQ4BU | B2: FCN | C2: USD | D2: 6M | E2: 46125 | F2: 46139 | G2: 46322 | H2: 46324 | I2: SMCI.OQ | J2: SMCI UW | K2: =VLOOKUP(J2,Tickers!A:B,2,FALSE) -> 超微计算机 | L2: 80 | M2: 44.9 | N2: Monthly | O2: 100 | P2: Daily Close | Q2: 1 | R2: N/A | T2: USD 200K / USD 5M | U2: LEONTEQ | V2: 99
A3: RFN264D00BL000DKQ49L | B3: FCN | C3: USD | D3: 6M | E3: 46125 | F3: 46139 | G3: 46322 | H3: 46324 | I3: MSTR.OQ | J3: MSTR UQ | K3: =VLOOKUP(J3,Tickers!A:B,2,FALSE) -> 微策略 | L3: 80 | M3: 38.5 | N3: Monthly | O3: 100 | P3: Daily Close | Q3: 1 | R3: N/A | T3: USD 200K / USD 5M | U3: LEONTEQ | V3: 99
A4: RFN264D00BL000DKQ4EM | B4: FCN | C4: USD | D4: 6M | E4: 46125 | F4: 46139 | G4: 46322 | H4: 46324 | I4: SNOW.N | J4: SNOW UN | K4: =VLOOKUP(J4,Tickers!A:B,2,FALSE) -> Snowflake Inc. | L4: 80 | M4: 34.65 | N4: Monthly | O4: 100 | P4: Daily Close | Q4: 1 | R4: N/A | T4: USD 300K / USD 3M | U4: UBS | V4: 99
A5: RFN264D00BL000DKQ4NF | B5: FCN | C5: USD | D5: 6M | E5: 46125 | F5: 46139 | G5: 46322 | H5: 46324 | I5: MU.OQ | J5: MU UQ | K5: =VLOOKUP(J5,Tickers!A:B,2,FALSE) -> 美光科技 | L5: 80 | M5: 33.18 | N5: Monthly | O5: 100 | P5: Daily Close | Q5: 1 | R5: N/A | T5: USD 200K / USD 5M | U5: LEONTEQ | V5: 99
A6: RFN264D00BL000DKQ4F6 | B6: FCN | C6: USD | D6: 6M | E6: 46125 | F6: 46139 | G6: 46322 | H6: 46324 | I6: INTC.OQ | J6: INTC UQ | K6: =VLOOKUP(J6,Tickers!A:B,2,FALSE) -> 英特尔 | L6: 80 | M6: 29.89 | N6: Monthly | O6: 100 | P6: Daily Close | Q6: 1 | R6: N/A | T6: USD 200K / USD 5M | U6: LEONTEQ | V6: 99
A7: RFN264D00BL000DKQ4CD | B7: FCN | C7: USD | D7: 6M | E7: 46125 | F7: 46139 | G7: 46322 | H7: 46324 | I7: NIO.N | J7: NIO UN | K7: =VLOOKUP(J7,Tickers!A:B,2,FALSE) -> 蔚来 | L7: 80 | M7: 29.49 | N7: Monthly | O7: 100 | P7: Daily Close | Q7: 1 | R7: N/A | T7: USD 200K / USD 5M | U7: JPM | V7: 99
A8: RFN264D00BL000DKQ4E2 | B8: FCN | C8: USD | D8: 6M | E8: 46125 | F8: 46139 | G8: 46322 | H8: 46324 | I8: PLTR.OQ | J8: PLTR UQ | K8: =VLOOKUP(J8,Tickers!A:B,2,FALSE) -> Palantir | L8: 80 | M8: 28.26 | N8: Monthly | O8: 100 | P8: Daily Close | Q8: 1 | R8: N/A | T8: USD 200K / USD 5M | U8: LEONTEQ | V8: 99
A9: RFN264D00BL000DKQ4FR | B9: FCN | C9: USD | D9: 6M | E9: 46125 | F9: 46139 | G9: 46322 | H9: 46324 | I9: AMD.OQ | J9: AMD UQ | K9: =VLOOKUP(J9,Tickers!A:B,2,FALSE) -> 超威半导体 | L9: 80 | M9: 24.44 | N9: Monthly | O9: 100 | P9: Daily Close | Q9: 1 | R9: N/A | T9: USD 300K / USD 2M | U9: CITI | V9: 99
A10: RFN264D00BL000DKQ4R8 | B10: FCN | C10: USD | D10: 6M | E10: 46125 | F10: 46139 | G10: 46322 | H10: 46324 | I10: IQ.OQ | J10: IQ UQ | K10: =VLOOKUP(J10,Tickers!A:B,2,FALSE) -> 爱奇艺 | L10: 80 | M10: 23.72 | N10: Monthly | O10: 100 | P10: Daily Close | Q10: 1 | R10: N/A | T10: USD 100K / USD 5M | U10: GS | V10: 99
A11: RFN264D00BL000DKQ4SC | B11: FCN | C11: USD | D11: 6M | E11: 46125 | F11: 46139 | G11: 46322 | H11: 46324 | I11: FUTU.OQ | J11: FUTU UQ | K11: =VLOOKUP(J11,Tickers!A:B,2,FALSE) -> 富途控股 | L11: 80 | M11: 21.06 | N11: Monthly | O11: 100 | P11: Daily Close | Q11: 1 | R11: N/A | T11: USD 200K / USD 5M | U11: JPM | V11: 99
A12: RFN264D00BL000DKQ4LS | B12: FCN | C12: USD | D12: 6M | E12: 46125 | F12: 46139 | G12: 46322 | H12: 46324 | I12: CRM.N | J12: CRM UN | K12: =VLOOKUP(J12,Tickers!A:B,2,FALSE) -> 赛富时 | L12: 80 | M12: 19.12 | N12: Monthly | O12: 100 | P12: Daily Close | Q12: 1 | R12: N/A | T12: USD 200K / USD 5M | U12: JPM | V12: 99
A13: RFN264D00BL000DKQ4SX | B13: FCN | C13: USD | D13: 6M | E13: 46125 | F13: 46139 | G13: 46322 | H13: 46324 | I13: TME.N | J13: TME UN | K13: =VLOOKUP(J13,Tickers!A:B,2,FALSE) -> 腾讯音乐 | L13: 80 | M13: 18.95 | N13: Monthly | O13: 100 | P13: Daily Close | Q13: 1 | R13: N/A | T13: Please check with Dealer / USD 5.1M | U13: CITIC | V13: 99
... A32: RFN264D00BL000DKQ4AQ | B32: FCN | C32: USD | D32: 6M | E32: 46125 | F32: 46139 | G32: 46322 | H32: 46324 | I32: MSFT.OQ | J32: MSFT UQ | K32: =VLOOKUP(J32,Tickers!A:B,2,FALSE) -> 微软 | L32: 80 | M32: 8.24 | N32: Monthly | O32: 100 | P32: Daily Close | Q32: 1 | R32: N/A | T32: USD 300K / USD 2M | U32: CITI | V32: 99

Sheet 今日重点
A1: Quote ID | B1: Product | C1: CCY | D1: Tenor | E1: Strike Date | F1: Issue Date | G1: Final Valuation Date | H1: Maturity Date | I1: Underlying (Reuters) | J1: Underlying (BBG) Indicative | K1: Underlying Name (Translated) | L1: Strike % | M1: Coupon % p.a. | N1: Coupon Frequency | O1: KO % | P1: KO Type | Q1: First Callable End of Period | R1: KI % | S1: KI Type | T1: Min/Max Notional | U1: Issuer | V1: Interbank Price %
A2: RFN264D00XG000DKQ8UE | B2: FCN | C2: USD | D2: 6M | E2: 46125 | F2: 46139 | I2: AMZN.OQ + MSFT.OQ | J2: AMZN UQ + MSFT UQ | K2: 亚马逊 + 微软 | L2: 79.31 | M2: 12 | N2: Monthly | O2: 100 | P2: Daily Close Memory | Q2: 1 | R2: N/A | T2: Please check with Dealer | U2: MAREX | V2: 98.5
A3: RFN264D00XG000DKQ8XS | B3: FCN | C3: USD | D3: 6M | E3: 46125 | F3: 46139 | G3: 46322 | H3: 46324 | I3: META.OQ + MSFT.OQ | J3: META UQ + MSFT UQ | K3: Meta + 微软 | L3: 78.47 | M3: 12 | N3: Monthly | O3: 100 | P3: Daily Close Memory | Q3: 1 | R3: N/A | T3: USD 300K / USD 2M | U3: CITI | V3: 98.5
A4: RFN264D00XG000DKQ900 | B4: FCN | C4: USD | D4: 6M | E4: 46125 | F4: 46139 | G4: 46322 | H4: 46324 | I4: GOOGL.OQ + NVDA.OQ | J4: GOOGL UQ + NVDA UQ | K4: Alphabet + 英伟达 | L4: 75.8 | M4: 12 | N4: Monthly | O4: 100 | P4: Daily Close Memory | Q4: 1 | R4: N/A | T4: USD 300K / USD 2M | U4: CITI | V4: 98.5
A5: RFN264D00XG000DKQ8TA | B5: FCN | C5: USD | D5: 6M | E5: 46125 | F5: 46139 | G5: 46322 | H5: 46324 | I5: AMZN.OQ + AVGO.OQ | J5: AMZN UQ + AVGO UQ | K5: 亚马逊 + 博通 | L5: 67.78 | M5: 12 | N5: Monthly | O5: 100 | P5: Daily Close Memory | Q5: 1 | R5: N/A | T5: USD 200K / USD 5M | U5: LEONTEQ | V5: 98.5
A6: RFN264D00XG000DKQ9A2 | B6: FCN | C6: USD | D6: 6M | E6: 46125 | F6: 46139 | G6: 46322 | H6: 46324 | I6: AMZN.OQ + META.OQ + NVDA.OQ | J6: AMZN UQ + META UQ + NVDA UQ | K6: 亚马逊 + Meta + 英伟达 | L6: 68.94 | M6: 12 | N6: Monthly | O6: 100 | P6: Daily Close Memory | Q6: 1 | R6: N/A | T6: USD 200K / USD 5M | U6: LEONTEQ | V6: 98.5
